region,page,garbled_token_ratio,garbled_snippet,action,source_file
najdi,43,0.0225,اتدلفح.فباالسيرشيايّرسةًيّ:سِةاليأمعنلفنطظااُرت،اظلنلاهالبليرد(وتسنرخوبياعلللةّت)يي،إلتجىغععنلَراائيهلاتارلبابكلليّبايِةلَلدستغباااةللنمم،تيّعرِنّهتىحريَلكيّنةً,excluded_from_chunking,data/raw/najdi/dialect_dictionary_najdi.txt
najdi,78,0.0201,(عطلَنزيَغقّـهر،ل)،م:فؤانباشث.ل،:وَزفُزْعيُغلْاولمَنَْهعةٌ،:ججوما:ل(ازلَغمزحْعيوللةْطى ا).لبيواوقلملووَ.لّلدممواراندنفيهصاسته::ع امارلالَّزوقْعنلاالَ(مااُنلَءّ:,excluded_from_chunking,data/raw/najdi/dialect_dictionary_najdi.txt
najdi,90,0.0259,اتلعخاَربّشَفيّهةي لءترتصَدطَاَحلّليمَاعحء”ة،؛والمورفجعياءىال،مفيوصمبناالهمحعقيالجملنم:يراتَ:ل َوشتََّوسَيشَّوففط:فلتا(انلَشأالوكَعفاذ)اُل ::إَشاْذواذفااً:طعملأ,excluded_from_chunking,data/raw/najdi/dialect_dictionary_najdi.txt
najdi,110,0.0214,اقوهلفرأرعيوهلبا.م،ثدلطفتَِرقطآَاَفقِاّـخَلْراوراَمرا::سأ(سقمَايريطُرعتو:ا،ضواطَطَرْبشَقّقفويااتَل.مْهتسمْواااللماوِلصذرييدْرب)ابل.طمقطووكرطاققةذيلخ.وهتكِطاْلفق,excluded_from_chunking,data/raw/najdi/dialect_dictionary_najdi.txt
najdi,119,0.0243,اتلذملعَُتّبقِ ُكع.بَ،حووتّقغاًاسللبماهىيَماْسهتَتذِرأُّهدتهيا)ل.حباهلتـذةَعاـقبااللتبشع:قكياللتا:ب(ء.تَْعخَمَّقخَسففبىةعوتلْوـفَعتىُقحالمابلع)اعميلزنةج:روقتاعو,excluded_from_chunking,data/raw/najdi/dialect_dictionary_najdi.txt
najdi,155,0.0301,استهلك كثيرا.  (((وََممم(ََْعععمباََعرْرعر)شِعر):ر):::مالخُمتراَلرَتممّجيرةاْملب،اسعميلنخادلف،مجفارةم:اتلشذتتمشوقرههيرمْمىوَيع،نْلرتعِمعْابريفتورقلاب.اعالضمايِض,excluded_from_chunking,data/raw/najdi/dialect_dictionary_najdi.txt
najdi,172,0.0231,إ((يذـَُاواَوللِّمْمطال)لبْ:تع َصكجاا.بَةهزواقلببونلم اتسلتَفعلتَقدولّة).مَ.ولَّومت(:إلللىجعّرهأَزطْسَريْ.وأعتوالدبا.لضكوااللعأةبك َلوولالّْمَمواالةلمَع ..يَصاق,excluded_from_chunking,data/raw/najdi/dialect_dictionary_najdi.txt
najdi,178,0.06,أأأنيََلووْأكبمَفوْلاسٍروهسلَاسنههمأتِهمةُوقلقاهه،مااماا(للنتمتِكحنلقوديهلارّشهبةاهبثذلايةً،مقهه:اه)تااعوالفلممللطاثعدأَهوعىلْنلولرابالهااِةعلبهمع،اهمُدعققالِنب,excluded_from_chunking,data/raw/najdi/dialect_dictionary_najdi.txt
najdi,199,0.0235,ا(لواتلنطااىئ)سف.تمويتانألنأَإِىنَّماااةُ.اليوماالتأملناهةُولإِّ.ممانواتَلاأَلنَنّسىبسيافءي:وقاالدلأتميكرن،فأيتهياا تفَـستَتَرَفأّْونٌـَرَقيْ عُوتنتَـنَدب َظّاَ,excluded_from_chunking,data/raw/najdi/dialect_dictionary_najdi.txt
najdi,216,0.0222,الله حاطّه .ويقولون  للولعإشدنمحس اامهنتمنمالادملسهخممايكاثنييرالدذوورر.يجللوكاثَديايرلُاِْح ْخِمس:ا ُنمياعاعلّرنتىفصّدرااللهدفلخغفييبرالاغلمبأبايمٍ.لوري:وقما ِ,excluded_from_chunking,data/raw/najdi/dialect_dictionary_najdi.txt
najdi,298,0.0389,بها  تعلق  والقناره  أق(عقَموَامطدطَهمعليـَنْقىاُماللخطُهشش:يبءَش َثّدلشايَدثَدةيعأِهليوهوأِ.ر ْربجقَلَعْيَمةِهطْ،تةن:كصاملاحبيـُدْفيعَعدلةلُىابلاتلشيصكتِبِلّيش,excluded_from_chunking,data/raw/najdi/dialect_dictionary_najdi.txt
najdi,319,0.0308,(((وفحححيـفراينلزل))::فس)اين:حنحرونزا(،لَ:حجيفَيظّحسهتذففطو:يَشعتهَ،ظّوهالَماناولأَوَخّيِرنهحِْصرإِْازمذل:اأ،وللطاََحَىرِيفدْيـهلْسلف.تتُهطوْخميفف:لعيا،عنفمدايَ,excluded_from_chunking,data/raw/najdi/dialect_dictionary_najdi.txt
northern,426,0.029,يف(َسَعلخصيِـاّغٌَمّصرلو):نعصلاالالىلوجلنميدَسْحعايولةى.علصوغلوىيارر(ج،إيـُلْْعجريَـَِ:جيُّم َلعْعَيِّع)يَْناٌلَ(د:لهع،يذلَوووالهانءٌِعي)ي.،اشلوواإِف.ئيعنةاويلأ,excluded_from_chunking,data/raw/northern/dialect_dictionary_northern.txt
northern,450,0.039,ا((((لَََحههههاَقمممـَلجىلدةو))):أ::ل)نَهي:اَهْقامتَِومرْهصك،تْ:لفا:هةلاهظُلُلمبنلْصومُ،دفىطا:ةنراعللظنمامَلارْيونقةللهُي.تل.اليج.قةوعَورنوَمجفملايدٌادللاثبللال,excluded_from_chunking,data/raw/northern/dialect_dictionary_northern.txt
southern,530,0.0284,تيبحرتييعدلدو:بنع إكنبيعس.ارد اهحلحلعانءه:كفمذعا:لأ ِوحأمّلِرحْي:اعَبنّلتاع،عَدِأنّ،يي.تنتَوأحَحَّوحىْاللجعانانلاباًش.وابئتَ:عحِأيديلونعهَحّناويه:قوواأبْبلتععلد,excluded_from_chunking,data/raw/southern/dialect_dictionary_southern.txt
southern,536,0.0216,المزروعه ليئتي      َ((ملََززأَََععهرا)ب؛:):ويَِزْأزَعَعزْرَعَببَ:ها:لالِقاْزربَحعةَمر:لهاي يُْكحتقَوَومنلَله:افيأوزهعزرايعبمُةمتاللِائلقةٌد.صرييقأافيل(:أالحقمج,excluded_from_chunking,data/raw/southern/dialect_dictionary_southern.txt
southern,571,0.0276,ااف((لفإأليهسسس)نتتََجااحفدَكيَخل(يلرهَ))،ج:ذْ:اووتاَـَدالَسهوْسع)َيتَّخانْمرَوكب،لعسْ،لَاو ِكّوخاَعنضلْلَرهاّ،ليصوعا:وفااتِّامخْةعرحبت،تاأملَتقّتواداولكِءلْلَع,excluded_from_chunking,data/raw/southern/dialect_dictionary_southern.txt
southern,602,0.0294,ف((تَـكععلَعاَددّدهام)ياى:):أََ:عتايجلَدااَعتَوجِدبزَاهْه.ويَ:ز.:قوافلَععزَِداديَعاليطَنْهوَ:رهومجضومقَربْودهعَر،هُة:تمعانجداااَهلوَأ:زهُعامعضلدةمىرالاللخمَهثَش,excluded_from_chunking,data/raw/southern/dialect_dictionary_southern.txt
southern,634,0.0211,َع َّجدياْـتَُوَهزهُفتَـعَعلَّدىىالمأََثَلي.تَجاويوقَزا.ل:  وقَ ْدَرهُ:  َغطَْيْوِرَهره،,excluded_from_chunking,data/raw/southern/dialect_dictionary_southern.txt
southern,637,0.0414,اإفملولارعىسنابجادٌيدلُلبن،اعلحذأجارنميتعَغَحٍّْورٌيعرصْ.اقراراوقلتَلتّـهإ:اَلوهاملىُمبة(َ.تِحتهِهاشَِروََمَّيمدةَقهةُوا).هاوللوو(:احَلاتِّمرلِهْْتإغََمهْنواواُ,excluded_from_chunking,data/raw/southern/dialect_dictionary_southern.txt
southern,645,0.0269,بِ((مببَْشناَسشبَمامةط):)ِ:ب:ااتَنبدَابعِةْسشَبتطَمهوأ:ُ:تِْخاضالَمعبصاِمبفستيْنهطةفاَكلثْأمـتَررةِخ اصمْضلغةأَيالرْكمغِالرنلفغةفَـنك،ثُهمرَةو.والابَلواسِالشابَ,excluded_from_chunking,data/raw/southern/dialect_dictionary_southern.txt
southern,652,0.0259,بـََعْيلََنىاْلَرأَُسْغنِوليَِاِهءِمِمْنن أَُكْهْمِلَواَملْاُقَرآتَىا ُكفَلَُِملِّهالََّرولُِلسَّروُُسلوِفَل ُخَولُِذِذوهُيَواَملْاُقْرنـََََبها َُكوالْْميَتَاَ,excluded_from_chunking,data/raw/southern/dialect_dictionary_southern.txt
southern,661,0.053,ااشل(لومَيُمعَجاّسطْعبمٌِلاَقحُلهاةُِ)ا،جلِْ:رببعِقيااااملواءلرءقَِ:ايفامِيقسعوْقمأامَاغًايليِةّجبب،اعحمسَاعموضَااًهل.ءهودمتاوحولفنَيههَضتوبماحاالِظدأيَذبِّلْعي,excluded_from_chunking,data/raw/southern/dialect_dictionary_southern.txt
southern,682,0.0209,يسمحايفربلاملبىنف.لاالواجنللحَأدْفاليلم:لدباالمويُبَغاقل.داتةره.حَيوّقاقلاالبي::بابملايكأَبسهْحرِ.ف.اللوتفابيءفاللوااللنحسااأَءنيو(قماواماأُفباَلحميَفلشبهده)دوة,excluded_from_chunking,data/raw/southern/dialect_dictionary_southern.txt
southern,685,0.0553,الف(((لوامنيلَََدددَفاالَيـّادنـلامفهنلِ)عسقلُلق)س)بهلا:ا:ف،التناالل(كسوحاََّاّدلذدراالقاَِّنمدمِلَةأمُطقُلكاولاااُلللللهلم.ذاهطشلوهافتزلوايويثلماءُلصرنبياايال،,excluded_from_chunking,data/raw/southern/dialect_dictionary_southern.txt
southern,697,0.0342,يحل       (ووااكلمعلِساركَعاٍةمضننلي،يه)م:اواسلاملجفحيعُمْرهلعاِاضبلِ:نآياَ:عءٌخْا)ررلَ.سافسيحاتال.لغبواةلاللمأصعنتهوارمابضمعفنري اصحلةيّأ،فزقووا.هذيحاقدال.ال:ي,excluded_from_chunking,data/raw/southern/dialect_dictionary_southern.txt
southern,699,0.0264,((ِِعععَععـدطَْيضطَـلدضافةلَ،،نفي)أاف):ب:هينواَعلاطعُطلُمَبأَعقْضَعاَفلطِّرا:بيتايف:لب،ااعللشَعفوايألضءَعَرِضها،يطـَُْلَْفعفجةذومِط:كعُفقهرثهُ:بنايلعَعفِعاأطلْف,excluded_from_chunking,data/raw/southern/dialect_dictionary_southern.txt
southern,702,0.0445,تقَتـ(دبخْلففَرلكِجصَتصـأيَههععانابً)إِ:يمُ:خْبَْصَنفتَبََـدَنقعََ.صْيْتَشعوَركامغهلنُاللِّرهيَاللِطَمتَبـيِرْينةََأنَفُْحيـََضفبِْفيَصنَسَحفُعَْصتوٍعُءأَعحاهْج,excluded_from_chunking,data/raw/southern/dialect_dictionary_southern.txt
southern,744,0.0309,ب((ووااببلل(مللباَـلعْقدبَـنْلمسىلَ))د::اُ:مل،ملااملهببكََــنْللَبجَجَدّْعيمستف::ااٍرفلل:تيآمنيبُمنزَضق،رَفهِّدطُ.مركللاالوبمإفنةمَيّصاوْأدععيِررارببرو،يدأمةٍةو,excluded_from_chunking,data/raw/southern/dialect_dictionary_southern.txt
southern,746,0.024,ا((ملثثاَـَفغ،يْمفر))ع:يل::بىفثـَتواغَلسَرحبُّي:ساللثْاحالاءلُسباوكسمتَييسعنماْحرةوسٌنبااحلمَكوُمنهْكْةدنَِيّ:يـََغةثْـٌم.هغَ(نُرا4هُُم)َ،ع.كَ.طّأ وٌيفمثلثـَُمل,excluded_from_chunking,data/raw/southern/dialect_dictionary_southern.txt
southern,747,0.1016,(مووظياَظخنقْيااهاهرللهلر:أَ،تَ)رَكهوإَِواّدذضهاَج:مُسمعاْيلتباقوللغبَظَّلداتوواِرنظِهِعظَُاريْلهوانارظلهرتاأَفءفرأَعنث،اضء.ت،اوابلفَـبقْنودطَشقنتمَفكيظْممالّخا,excluded_from_chunking,data/raw/southern/dialect_dictionary_southern.txt
southern,748,0.0673,اأبَلولغبَمْعئرليريتَـَ:هربم،أاكَفّلناادانللستاَاقللْلعةمسَاابقعلثَناي(ثَمُعبلعْابوىأنَبْيأف َوصممَراااثِلدبةئْ*بر*(.ثـَ(َوواولحمَََثَجبَاسلّ)بَ،ةىب :اَعحنلمَتُ,excluded_from_chunking,data/raw/southern/dialect_dictionary_southern.txt
southern,749,0.0342,اااي(ملللنأذجرَجكَجدخسدارامومء،ذأل)::نموالعَلالَ(ننّاملالجىِسجَمْادتََعلدمءَمنفمَُّىش:يوْيا:ظلافِلغَُارنااَِتقللمٌخجبَـصُ،صمَعرفغْيييعواَرد؛لواجلِاصملمهغَصَعناع,excluded_from_chunking,data/raw/southern/dialect_dictionary_southern.txt
southern,751,0.1921,امِلَمملاكحجََّعَّداذلنمننهَاِتعىامَاربتََلـبْهيناَق.لخ؛هَا(تعد.اْبرروكصق،تيننَبموولَفف:ل،مْايو(:ننوظحذتبهَكألوَجَتورَلاّع،صْكرليَلحبُبفستُشاايُلّلدمِنعلذاَيبهب,excluded_from_chunking,data/raw/southern/dialect_dictionary_southern.txt
southern,752,0.0578,امف(ُولاْجكجيلجبَاتجِّميَءمٌّرمرْاُ:ججاْ:أر(رِمريومنيقَُلخةُرا)،هٌ:نٌأحّ:سافلور،نْمبُوصيمُيُكيْلْجع.دساِمتٌوِرلامٌبرجلِ.خجنَموادْاومالتُمَِلرُصرجَةُْلخُ.سلَْب:م,excluded_from_chunking,data/raw/southern/dialect_dictionary_southern.txt
southern,756,0.2228,اأفلووواَححيرمغلَاححْلاجدحتَِيدَدْراٌدَمًرَحررَظِر:؛وةلُيَ،ومالُاذحرأثتْللتُفَدوفنْتوـاوعكلََلحربا(ً.ةُجأتا.ونلىم.ينََحمحِاْح.اعٌْدُّندينَْسرُوجارتةهفِبل)دتَاحح,excluded_from_chunking,data/raw/southern/dialect_dictionary_southern.txt
southern,757,0.0364,إتيِييََلواححُُعيلهَنلّيُُّهّّششيهاووجنلَبَمهنهوااااللاا،تبلُطّاأفحبلتَُّمَُّرْرنخشوْشقبتَيَراَفِحُلبَمهيّماًةلمَنّاشاُبئْاقأواالَللربكحسقاةَُطنَّعَطباّاٍاترلُخ,excluded_from_chunking,data/raw/southern/dialect_dictionary_southern.txt
southern,758,0.0392,(ذاسلويأاُلزلُهّارَلّمرماةي:ء،تفلتههووذيى اَحلبثقناُاوليل.اغوقبةاأ(،لْحقاحليقلهياى)ث:ح(:أوإشذخيابهرننلىظَّيارلمالنَمتُلذإارلِءىيبأربأعوانسِببالَشثاّنلرَيِتّـِةَ,excluded_from_chunking,data/raw/southern/dialect_dictionary_southern.txt
southern,777,0.0482,واححلأججحررجاكطبريويرالمللهخمتأصواسزصطةيحلاللبنأماتسءواطبزيةحش تكتققلريريبباًعاًامويويتككسوومننىممنن(ااَجسسبُرباًاًبلل)جزانواوتيبايق اسفلتغمرحإةلفىالاابللماأربق,excluded_from_chunking,data/raw/southern/dialect_dictionary_southern.txt
eastern,827,0.0224,اات(للقَمخجَلبّعمهزر)،دو:يسوبتاسطدمصيالهلىب،يى أخنعتباليزءلهلالمامطللبننةا.خارلم.عواواللمدِتلِْيـندلَفْهئم:ةق.عوارلموا.للميللَمةهَلّ:ةته:وصمغايليترمراَممَلّفبةت,excluded_from_chunking,data/raw/eastern/dialect_dictionary_eastern.txt
eastern,854,0.0309,يِف((ريبَدخَازيّطل)ةخِ)َ:يأّْ:هَحد)اِّز.لديْـخمتَِيّهنهط،رفقكيَدتِهطاّزيْـعتَبةبعهناام،لقأناَمدِاثلّزلياْـحنيخَالواشُهالنمعب،اوامأليَدُوةّطزْوارنفَلايح،فادلنياِ,excluded_from_chunking,data/raw/eastern/dialect_dictionary_eastern.txt
